{
  "1445090819240493226": [
    {
      "message": "chumma",
      "title": null,
      "channelId": "1445382624163139634",
      "publishTime": 1764683723656,
      "useEmbed": true,
      "pingEveryone": false,
      "authorId": "1326204070104666213",
      "sent": true,
      "createdAt": 1764683603656,
      "id": "1764683603656"
    },
    {
      "message": "hello guys it's 12:33 @everyone",
      "title": null,
      "channelId": "1445382624163139634",
      "publishTime": 1764702335806,
      "useEmbed": true,
      "pingEveryone": false,
      "authorId": "1326204070104666213",
      "sent": true,
      "createdAt": 1764687815806,
      "id": "1764687815806"
    }
  ]
}