{
  "1445090819240493226": [
    {
      "messageId": "1445412972217499830",
      "channelId": "1445412766176514182",
      "prize": "1rs",
      "winnersCount": 1,
      "endTime": 1764685506917,
      "hostId": "1326204070104666213",
      "participants": [
        "1326204070104666213"
      ],
      "ended": true,
      "createdAt": 1764683707911
    },
    {
      "messageId": "1445429690906185780",
      "channelId": "1445412766176514182",
      "prize": "1rs",
      "winnersCount": 1,
      "endTime": 1764687752888,
      "hostId": "1326204070104666213",
      "participants": [
        "1326204070104666213"
      ],
      "ended": true,
      "createdAt": 1764687693969
    },
    {
      "messageId": "1445430929572102216",
      "channelId": "1445412766176514182",
      "prize": "1rs",
      "winnersCount": 1,
      "endTime": 1764688108145,
      "hostId": "1326204070104666213",
      "participants": [
        "1326204070104666213"
      ],
      "ended": true,
      "createdAt": 1764687989058
    },
    {
      "messageId": "1445431833071321231",
      "channelId": "1445412766176514182",
      "prize": "1rs",
      "winnersCount": 1,
      "endTime": 1764688323603,
      "hostId": "1326204070104666213",
      "participants": [
        "1326204070104666213"
      ],
      "ended": true,
      "createdAt": 1764688205185
    }
  ]
}