{
  "1445090819240493226": {
    "tickets": [
      {
        "userId": "1326204070104666213",
        "channelId": "1445338033082732574",
        "status": "closed",
        "createdAt": 1764665840367,
        "id": 1,
        "closedAt": 1764666397476
      },
      {
        "userId": "1326204070104666213",
        "channelId": "1445347583743758370",
        "status": "closed",
        "createdAt": 1764668117380,
        "id": 2,
        "closedAt": 1764668126155
      },
      {
        "userId": "905880683006799882",
        "channelId": "1445347618170601503",
        "status": "closed",
        "createdAt": 1764668125645,
        "id": 3,
        "closedAt": 1764668130733
      },
      {
        "userId": "905880683006799882",
        "channelId": "1445347684461314093",
        "status": "closed",
        "createdAt": 1764668141390,
        "id": 4,
        "closedAt": 1764668156956
      },
      {
        "userId": "1326204070104666213",
        "channelId": "1445366635358715924",
        "status": "closed",
        "createdAt": 1764672659775,
        "id": 5,
        "closedAt": 1764672676712
      },
      {
        "userId": "1326204070104666213",
        "channelId": "1445370457011388570",
        "status": "closed",
        "createdAt": 1764673570980,
        "id": 6,
        "closedAt": 1764673627883
      },
      {
        "userId": "1380834797630259322",
        "channelId": "1445377912571433166",
        "status": "closed",
        "createdAt": 1764675348392,
        "id": 7,
        "closedAt": 1764675372246
      },
      {
        "userId": "1326204070104666213",
        "channelId": "1445413792644075571",
        "status": "closed",
        "createdAt": 1764683902962,
        "id": 8,
        "closedAt": 1764683935249
      },
      {
        "userId": "905880683006799882",
        "channelId": "1445664125480079433",
        "status": "closed",
        "createdAt": 1764743586957,
        "id": 9,
        "closedAt": 1764743628238
      },
      {
        "userId": "1380834797630259322",
        "channelId": "1445664912763523182",
        "status": "closed",
        "createdAt": 1764743774580,
        "id": 10,
        "closedAt": 1764743992987
      },
      {
        "userId": "1326204070104666213",
        "channelId": "1445704707057127445",
        "status": "closed",
        "createdAt": 1764753262357,
        "id": 11,
        "closedAt": 1764753415358
      },
      {
        "userId": "1326204070104666213",
        "channelId": "1445820825751126108",
        "status": "closed",
        "createdAt": 1764780947208,
        "id": 12,
        "closedAt": 1764780974922
      },
      {
        "userId": "1380834797630259322",
        "channelId": "1445821045637386251",
        "status": "closed",
        "createdAt": 1764780999673,
        "id": 13,
        "closedAt": 1764781229542
      },
      {
        "userId": "1363062832262021322",
        "channelId": "1445821635046277141",
        "status": "closed",
        "createdAt": 1764781140273,
        "id": 14,
        "closedAt": 1764781235909
      },
      {
        "userId": "905880683006799882",
        "channelId": "1446124277421314068",
        "status": "closed",
        "createdAt": 1764853295746,
        "id": 15,
        "closedAt": 1764856736200
      },
      {
        "userId": "1355936144717517033",
        "channelId": "1446124563808129066",
        "status": "closed",
        "createdAt": 1764853364010,
        "id": 16,
        "closedAt": 1764856730518
      },
      {
        "userId": "1068176714573811765",
        "channelId": "1446124880490795050",
        "status": "closed",
        "createdAt": 1764853439472,
        "id": 17,
        "closedAt": 1764853470290
      },
      {
        "userId": "1363062832262021322",
        "channelId": "1446124929694175366",
        "status": "closed",
        "createdAt": 1764853451143,
        "id": 18,
        "closedAt": 1764854309584
      },
      {
        "userId": "1326204070104666213",
        "channelId": "1446138727142391809",
        "status": "closed",
        "createdAt": 1764856740784,
        "id": 19,
        "closedAt": 1764856767685
      },
      {
        "userId": "1326204070104666213",
        "channelId": "1446155415808376832",
        "status": "closed",
        "createdAt": 1764860719726,
        "id": 20,
        "closedAt": 1764860813818
      },
      {
        "userId": "1326204070104666213",
        "channelId": "1446156867398139944",
        "status": "closed",
        "createdAt": 1764861065772,
        "id": 21,
        "closedAt": 1764861099313
      },
      {
        "userId": "1326204070104666213",
        "channelId": "1446167546280804455",
        "status": "closed",
        "createdAt": 1764863611842,
        "id": 22,
        "closedAt": 1764863698990
      },
      {
        "userId": "1326204070104666213",
        "channelId": "1446168533833879684",
        "status": "closed",
        "createdAt": 1764863847235,
        "id": 23,
        "closedAt": 1764863880592
      },
      {
        "userId": "1326204070104666213",
        "channelId": "1446171208839331912",
        "status": "closed",
        "createdAt": 1764864485203,
        "id": 24,
        "closedAt": 1764864526889
      },
      {
        "userId": "1326204070104666213",
        "channelId": "1446173482248442039",
        "status": "closed",
        "createdAt": 1764865027085,
        "id": 25,
        "closedAt": 1764867868071
      },
      {
        "userId": "1326204070104666213",
        "channelId": "1446192305655644180",
        "status": "closed",
        "createdAt": 1764869514893,
        "id": 26,
        "closedAt": 1764869631369
      },
      {
        "userId": "1326204070104666213",
        "channelId": "1446494018686030006",
        "status": "closed",
        "createdAt": 1764941448842,
        "id": 27,
        "closedAt": 1764943016057
      },
      {
        "userId": "1326204070104666213",
        "channelId": "1446500643102654465",
        "status": "closed",
        "createdAt": 1764943028294,
        "id": 28,
        "closedAt": 1764945973022
      },
      {
        "userId": "1326204070104666213",
        "channelId": "1446513028362272948",
        "status": "closed",
        "createdAt": 1764945981087,
        "id": 29,
        "closedAt": 1764945989906
      },
      {
        "userId": "1326204070104666213",
        "channelId": "1446513122985644042",
        "status": "closed",
        "createdAt": 1764946003669,
        "id": 30,
        "closedAt": 1764946028751
      },
      {
        "userId": "1326204070104666213",
        "channelId": "1446513539941404704",
        "status": "closed",
        "createdAt": 1764946103046,
        "id": 31,
        "closedAt": 1764946132650
      },
      {
        "userId": "1326204070104666213",
        "channelId": "1446518445498961961",
        "status": "closed",
        "createdAt": 1764947272658,
        "id": 32,
        "closedAt": 1764947286861
      },
      {
        "userId": "1326204070104666213",
        "channelId": "1446527740378349609",
        "status": "closed",
        "createdAt": 1764949488719,
        "id": 33,
        "closedAt": 1764949532732
      },
      {
        "userId": "1326204070104666213",
        "channelId": "1446529187098788002",
        "status": "closed",
        "createdAt": 1764949833881,
        "id": 34,
        "closedAt": 1764951927653
      },
      {
        "userId": "1326204070104666213",
        "channelId": "1446538951769854022",
        "status": "closed",
        "createdAt": 1764952161753,
        "id": 35,
        "closedAt": 1764952176867
      },
      {
        "userId": "1326204070104666213",
        "channelId": "1446570941307158560",
        "status": "closed",
        "createdAt": 1764959788697,
        "id": 36,
        "closedAt": 1764959797595
      },
      {
        "userId": "1363062832262021322",
        "channelId": "1446967844213620740",
        "status": "closed",
        "createdAt": 1765054417920,
        "id": 37,
        "closedAt": 1765054451786
      }
    ],
    "categoryId": null,
    "logChannelId": "1446451535197503671",
    "counter": 37
  }
}