[
  {
    "timestamp": "2025-06-02T06:51:47.582976",
    "category": "join_leave_events",
    "guild_id": 1370623292142256188,
    "channel_id": null,
    "author_id": 1305572887565963345,
    "embed_data": {
      "footer": {
        "text": "User ID: 1305572887565963345"
      },
      "thumbnail": {
        "url": "https://cdn.discordapp.com/avatars/1305572887565963345/94e646319270122eaba1560222d4c44e.png?size=1024"
      },
      "author": {
        "name": "Advaya_30",
        "icon_url": "https://cdn.discordapp.com/avatars/1305572887565963345/94e646319270122eaba1560222d4c44e.png?size=1024"
      },
      "fields": [
        {
          "inline": true,
          "name": "User",
          "value": "<@1305572887565963345>"
        },
        {
          "inline": true,
          "name": "Account Created",
          "value": "<t:1731343232:R>"
        },
        {
          "inline": true,
          "name": "Member Count",
          "value": "44"
        }
      ],
      "flags": 0,
      "color": 0,
      "timestamp": "2025-06-02T06:51:47.332011+00:00",
      "type": "rich",
      "title": "Member Joined"
    },
    "message_id": 1378989459013636170
  }
]