[
  {
    "timestamp": "2025-06-03T08:33:30.406189",
    "category": "channel_events",
    "guild_id": 1370623292142256188,
    "channel_id": 1379377442611003443,
    "author_id": null,
    "embed_data": {
      "footer": {
        "text": "Channel ID: 1379377442611003443"
      },
      "fields": [
        {
          "inline": true,
          "name": "Channel",
          "value": "<#1379377442611003443>"
        },
        {
          "inline": true,
          "name": "Type",
          "value": "Text"
        },
        {
          "inline": true,
          "name": "Category",
          "value": "TICKETS"
        },
        {
          "inline": true,
          "name": "Created by",
          "value": "<@1372468860435042344>"
        }
      ],
      "flags": 0,
      "color": 0,
      "timestamp": "2025-06-03T08:33:30.109280+00:00",
      "type": "rich",
      "title": "Channel Created"
    },
    "message_id": 1379377444217163840
  }
]