[
  {
    "timestamp": "2025-07-14T09:07:59.658491",
    "category": "member_moderation",
    "guild_id": 1370623292142256188,
    "channel_id": null,
    "author_id": 1172174931564445708,
    "embed_data": {
      "footer": {
        "text": "User ID: 1172174931564445708"
      },
      "author": {
        "name": "Leaving dc",
        "icon_url": "https://cdn.discordapp.com/avatars/1172174931564445708/df67e50f3e92831f6b6da711eff632ad.png?size=1024"
      },
      "fields": [
        {
          "inline": true,
          "name": "User",
          "value": "<@1172174931564445708>"
        },
        {
          "inline": false,
          "name": "Roles Removed",
          "value": "<@&1374479135572758631>"
        }
      ],
      "flags": 0,
      "color": 0,
      "timestamp": "2025-07-14T09:07:59.229196+00:00",
      "type": "rich",
      "title": "Member Roles Updated"
    },
    "message_id": 1394244025472520263
  }
]