[
  {
    "timestamp": "2025-06-04T09:20:58.003170",
    "category": "message_events",
    "guild_id": 1373230288255189062,
    "channel_id": 1379664289622655057,
    "author_id": 1261876309181857802,
    "embed_data": {
      "footer": {
        "text": "User ID: 1261876309181857802 \u2022 Message ID: 1379751758120620062"
      },
      "author": {
        "name": "GODX",
        "icon_url": "https://cdn.discordapp.com/avatars/1261876309181857802/141bdd6e0639f929a8fcb4a8d4a948e5.png?size=1024"
      },
      "fields": [
        {
          "inline": false,
          "name": "Content",
          "value": "```Hi```"
        },
        {
          "inline": true,
          "name": "Channel",
          "value": "<#1379664289622655057>"
        },
        {
          "inline": true,
          "name": "User",
          "value": "<@1261876309181857802>"
        }
      ],
      "flags": 0,
      "color": 0,
      "timestamp": "2025-06-04T09:20:57.738504+00:00",
      "type": "rich",
      "title": "Message Deleted"
    },
    "message_id": 1379751775334174721
  }
]