[
  {
    "timestamp": "2025-06-03T05:49:10.863950",
    "category": "voice_events",
    "guild_id": 1378649614424477786,
    "channel_id": null,
    "author_id": 1198187445859139595,
    "embed_data": {
      "footer": {
        "text": "User ID: 1198187445859139595"
      },
      "author": {
        "name": "Hiro \u262a",
        "icon_url": "https://cdn.discordapp.com/avatars/1198187445859139595/576a2d2b3df78b8861a1d2d1e6260d95.png?size=1024"
      },
      "fields": [
        {
          "inline": true,
          "name": "User",
          "value": "<@1198187445859139595>"
        },
        {
          "inline": true,
          "name": "Action",
          "value": "Joined voice"
        },
        {
          "inline": true,
          "name": "Channel",
          "value": "<#1378692699657601024>"
        }
      ],
      "flags": 0,
      "color": 0,
      "timestamp": "2025-06-03T05:49:10.724238+00:00",
      "type": "rich",
      "title": "Voice State Changed"
    },
    "message_id": 1379336090523009125
  }
]