[
  {
    "timestamp": "2025-06-02T19:36:31.934065",
    "category": "message_events",
    "guild_id": 1378649614424477786,
    "channel_id": 1379181207908122644,
    "author_id": 1198187445859139595,
    "embed_data": {
      "footer": {
        "text": "User ID: 1198187445859139595 \u2022 Message ID: 1379181893240487987"
      },
      "author": {
        "name": "Hiro \u262a",
        "icon_url": "https://cdn.discordapp.com/avatars/1198187445859139595/576a2d2b3df78b8861a1d2d1e6260d95.png?size=1024"
      },
      "fields": [
        {
          "inline": false,
          "name": "Content",
          "value": "```hi```"
        },
        {
          "inline": true,
          "name": "Channel",
          "value": "<#1379181207908122644>"
        },
        {
          "inline": true,
          "name": "User",
          "value": "<@1198187445859139595>"
        }
      ],
      "flags": 0,
      "color": 0,
      "timestamp": "2025-06-02T19:36:31.624331+00:00",
      "type": "rich",
      "title": "Message Deleted"
    },
    "message_id": 1379181912014196756
  }
]