[
  {
    "timestamp": "2025-06-02T19:44:27.050257",
    "category": "channel_events",
    "guild_id": 1378649614424477786,
    "channel_id": 1379183903146905600,
    "author_id": null,
    "embed_data": {
      "footer": {
        "text": "Channel ID: 1379183903146905600"
      },
      "fields": [
        {
          "inline": true,
          "name": "Channel",
          "value": "<#1379183903146905600>"
        },
        {
          "inline": true,
          "name": "Type",
          "value": "Text"
        },
        {
          "inline": true,
          "name": "Category",
          "value": "\u5f61  ---\u2726 TICKETS \u2726----"
        },
        {
          "inline": true,
          "name": "Created by",
          "value": "<@1372468860435042344>"
        }
      ],
      "flags": 0,
      "color": 0,
      "timestamp": "2025-06-02T19:44:26.745445+00:00",
      "type": "rich",
      "title": "Channel Created"
    },
    "message_id": 1379183905227276358
  }
]