[
  {
    "timestamp": "2025-06-04T09:05:55.080077",
    "category": "reaction_events",
    "guild_id": 1378649614424477786,
    "channel_id": 1378692616706723901,
    "author_id": 1291613354078634037,
    "embed_data": {
      "footer": {
        "text": "User ID: 1291613354078634037 \u2022 Message ID: 1379746674896801913"
      },
      "author": {
        "name": "Ayush",
        "icon_url": "https://cdn.discordapp.com/avatars/1291613354078634037/00546df908824454f37cda814d5cbed1.png?size=1024"
      },
      "fields": [
        {
          "inline": true,
          "name": "User",
          "value": "<@1291613354078634037>"
        },
        {
          "inline": true,
          "name": "Reaction",
          "value": "\u2705"
        },
        {
          "inline": true,
          "name": "Message",
          "value": "[Jump to message](https://discord.com/channels/1378649614424477786/1378692616706723901/1379746674896801913)"
        },
        {
          "inline": true,
          "name": "Channel",
          "value": "<#1378692616706723901>"
        }
      ],
      "flags": 0,
      "color": 0,
      "timestamp": "2025-06-04T09:05:54.928235+00:00",
      "type": "rich",
      "title": "Reaction Added"
    },
    "message_id": 1379747988578238496
  }
]