[
  {
    "timestamp": "2025-06-04T09:40:58.205804",
    "category": "voice_events",
    "guild_id": 1378649614424477786,
    "channel_id": null,
    "author_id": 1309896081701732450,
    "embed_data": {
      "footer": {
        "text": "User ID: 1309896081701732450"
      },
      "author": {
        "name": "Dev$oot.exe",
        "icon_url": "https://cdn.discordapp.com/avatars/1309896081701732450/aef3450d2cf08a8a0aa1d4788f40c01b.png?size=1024"
      },
      "fields": [
        {
          "inline": true,
          "name": "User",
          "value": "<@1309896081701732450>"
        },
        {
          "inline": true,
          "name": "Action",
          "value": "Joined voice"
        },
        {
          "inline": true,
          "name": "Channel",
          "value": "<#1378692699657601024>"
        }
      ],
      "flags": 0,
      "color": 0,
      "timestamp": "2025-06-04T09:40:58.077093+00:00",
      "type": "rich",
      "title": "Voice State Changed"
    },
    "message_id": 1379756810071965706
  }
]